{"cameraMode":{"drawMode":0,"name":"Shaded","section":"Shading Mode"},"sceneLighting":true,"audioPlay":false,"sceneViewState":{"m_AlwaysRefresh":false,"showFog":true,"showSkybox":true,"showFlares":true,"showImageEffects":true,"showParticleSystems":true,"showVisualEffectGraphs":true,"m_FxEnabled":true},"in2DMode":false,"pivot":{"x":1.1978048086166382,"y":0.8631021976470947,"z":2.4405646324157717},"rotation":{"x":-0.0059723383747041229,"y":-0.9853658080101013,"z":0.03581790626049042,"w":-0.1677088439464569},"size":1.7958323955535889,"orthographic":true}