{"cameraMode":{"drawMode":0,"name":"Shaded","section":"Shading Mode"},"sceneLighting":true,"audioPlay":false,"sceneViewState":{"m_AlwaysRefresh":false,"showFog":true,"showSkybox":true,"showFlares":true,"showImageEffects":true,"showParticleSystems":true,"showVisualEffectGraphs":true,"m_FxEnabled":true},"in2DMode":false,"pivot":{"x":-0.16211485862731934,"y":0.7085214257240295,"z":0.06550821661949158},"rotation":{"x":0.010448768734931946,"y":-0.9902827143669128,"z":0.08511201292276383,"w":0.1138855516910553},"size":0.904488205909729,"orthographic":true}