{"cameraMode":{"drawMode":0,"name":"Shaded","section":"Shading Mode"},"sceneLighting":false,"audioPlay":false,"sceneViewState":{"m_AlwaysRefresh":false,"showFog":false,"showSkybox":false,"showFlares":false,"showImageEffects":false,"showParticleSystems":false,"showVisualEffectGraphs":true,"m_FxEnabled":true},"in2DMode":false,"pivot":{"x":0.5108208656311035,"y":1.209334373474121,"z":0.042709872126579288},"rotation":{"x":0.48092469573020937,"y":-0.05613737553358078,"z":0.03104303404688835,"w":0.8744921684265137},"size":0.15923793613910676,"orthographic":true}