{"cameraMode":{"drawMode":0,"name":"Shaded","section":"Shading Mode"},"sceneLighting":false,"audioPlay":false,"sceneViewState":{"m_AlwaysRefresh":false,"showFog":false,"showSkybox":false,"showFlares":false,"showImageEffects":false,"showParticleSystems":false,"showVisualEffectGraphs":true,"m_FxEnabled":true},"in2DMode":false,"pivot":{"x":0.6364048719406128,"y":0.9790775179862976,"z":0.05359739065170288},"rotation":{"x":0.010225263424217701,"y":-0.9822177290916443,"z":0.17905600368976594,"w":0.056664250791072848},"size":0.8076264262199402,"orthographic":true}